"User ID","Username","Email","Full Name","User Status","Legacy Hotel ID","Role Code","Property Hotel ID","Relationship Type","Property Status","Is Primary Owner"
"USER-0001","account-0001","masked-email-0001","Masked User 0001","ACTIVE","","SUPER_ADMIN","","","",""
"USER-0002","account-0002","masked-email-0002","Masked User 0002","ACTIVE","PROPERTY-0001","HOTEL_MANAGER","","","",""
"USER-0003","account-0003","masked-email-0003","Masked User 0003","ACTIVE","PROPERTY-0001","RECEPTIONIST","","","",""
"USER-0004","account-0004","masked-email-0004","Masked User 0004","ACTIVE","","CUSTOMER","","","",""
"USER-0005","account-0005","masked-email-0005","Masked User 0005","ACTIVE","","CUSTOMER","","","",""
"USER-0006","account-0006","masked-email-0006","Masked User 0006","ACTIVE","PROPERTY-0002","PROPERTY_OWNER","PROPERTY-0002","OWNER","ACTIVE","1"
"USER-0007","account-0007","masked-email-0007","Masked User 0007","ACTIVE","PROPERTY-0003","PROPERTY_OWNER","PROPERTY-0003","OWNER","ACTIVE","1"
"USER-0008","account-0008","masked-email-0008","Masked User 0008","ACTIVE","PROPERTY-0004","PROPERTY_OWNER","PROPERTY-0004","OWNER","ACTIVE","1"
"USER-0009","account-0009","masked-email-0009","Masked User 0009","ACTIVE","PROPERTY-0005","PROPERTY_OWNER","PROPERTY-0005","OWNER","ACTIVE","1"
"USER-0010","account-0010","masked-email-0010","Masked User 0010","ACTIVE","PROPERTY-0006","PROPERTY_OWNER","PROPERTY-0006","OWNER","ACTIVE","1"
"USER-0011","account-0011","masked-email-0011","Masked User 0011","ACTIVE","PROPERTY-0007","PROPERTY_OWNER","PROPERTY-0007","OWNER","ACTIVE","1"
"USER-0012","account-0012","masked-email-0012","Masked User 0012","ACTIVE","PROPERTY-0008","PROPERTY_OWNER","PROPERTY-0008","OWNER","ACTIVE","1"
"USER-0013","account-0013","masked-email-0013","Masked User 0013","ACTIVE","PROPERTY-0009","PROPERTY_OWNER","PROPERTY-0009","OWNER","ACTIVE","1"
"USER-0014","account-0014","masked-email-0014","Masked User 0014","ACTIVE","PROPERTY-0010","PROPERTY_OWNER","PROPERTY-0010","OWNER","ACTIVE","1"
"USER-0015","account-0015","masked-email-0015","Masked User 0015","ACTIVE","PROPERTY-0011","PROPERTY_OWNER","PROPERTY-0011","OWNER","ACTIVE","1"
"USER-0016","account-0016","masked-email-0016","Masked User 0016","ACTIVE","PROPERTY-0012","PROPERTY_OWNER","PROPERTY-0012","OWNER","ACTIVE","1"
"USER-0017","account-0017","masked-email-0017","Masked User 0017","ACTIVE","PROPERTY-0013","PROPERTY_OWNER","PROPERTY-0013","OWNER","ACTIVE","1"
"USER-0018","account-0018","masked-email-0018","Masked User 0018","ACTIVE","PROPERTY-0014","PROPERTY_OWNER","PROPERTY-0014","OWNER","ACTIVE","1"
"USER-0019","account-0019","masked-email-0019","Masked User 0019","ACTIVE","PROPERTY-0015","PROPERTY_OWNER","PROPERTY-0015","OWNER","ACTIVE","1"
"USER-0020","account-0020","masked-email-0020","Masked User 0020","ACTIVE","PROPERTY-0016","PROPERTY_OWNER","PROPERTY-0016","OWNER","ACTIVE","1"
"USER-0021","account-0021","masked-email-0021","Masked User 0021","ACTIVE","PROPERTY-0017","PROPERTY_OWNER","PROPERTY-0017","OWNER","ACTIVE","1"
"USER-0022","account-0022","masked-email-0022","Masked User 0022","ACTIVE","PROPERTY-0018","PROPERTY_OWNER","PROPERTY-0018","OWNER","ACTIVE","1"
"USER-0023","account-0023","masked-email-0023","Masked User 0023","ACTIVE","PROPERTY-0019","PROPERTY_OWNER","PROPERTY-0019","OWNER","ACTIVE","1"
"USER-0024","account-0024","masked-email-0024","Masked User 0024","ACTIVE","PROPERTY-0020","PROPERTY_OWNER","PROPERTY-0020","OWNER","ACTIVE","1"
"USER-0025","account-0025","masked-email-0025","Masked User 0025","ACTIVE","PROPERTY-0021","PROPERTY_OWNER","PROPERTY-0021","OWNER","ACTIVE","1"
"USER-0026","account-0026","masked-email-0026","Masked User 0026","ACTIVE","PROPERTY-0022","PROPERTY_OWNER","PROPERTY-0022","OWNER","ACTIVE","1"
"USER-0027","account-0027","masked-email-0027","Masked User 0027","ACTIVE","PROPERTY-0023","PROPERTY_OWNER","PROPERTY-0023","OWNER","ACTIVE","1"
"USER-0028","account-0028","masked-email-0028","Masked User 0028","ACTIVE","PROPERTY-0024","PROPERTY_OWNER","PROPERTY-0024","OWNER","ACTIVE","1"
"USER-0029","account-0029","masked-email-0029","Masked User 0029","ACTIVE","PROPERTY-0025","PROPERTY_OWNER","PROPERTY-0025","OWNER","ACTIVE","1"
"USER-0030","account-0030","masked-email-0030","Masked User 0030","ACTIVE","PROPERTY-0026","PROPERTY_OWNER","PROPERTY-0026","OWNER","ACTIVE","1"
"USER-0031","account-0031","masked-email-0031","Masked User 0031","ACTIVE","PROPERTY-0027","PROPERTY_OWNER","PROPERTY-0027","OWNER","ACTIVE","1"
"USER-0032","account-0032","masked-email-0032","Masked User 0032","ACTIVE","PROPERTY-0028","PROPERTY_OWNER","PROPERTY-0028","OWNER","ACTIVE","1"
"USER-0033","account-0033","masked-email-0033","Masked User 0033","ACTIVE","PROPERTY-0029","PROPERTY_OWNER","PROPERTY-0029","OWNER","ACTIVE","1"
"USER-0034","account-0034","masked-email-0034","Masked User 0034","ACTIVE","PROPERTY-0030","PROPERTY_OWNER","PROPERTY-0030","OWNER","ACTIVE","1"
"USER-0035","account-0035","masked-email-0035","Masked User 0035","ACTIVE","PROPERTY-0031","PROPERTY_OWNER","PROPERTY-0031","OWNER","ACTIVE","1"
"USER-0036","account-0036","masked-email-0036","Masked User 0036","ACTIVE","PROPERTY-0032","PROPERTY_OWNER","PROPERTY-0032","OWNER","ACTIVE","1"
"USER-0037","account-0037","masked-email-0037","Masked User 0037","ACTIVE","PROPERTY-0033","PROPERTY_OWNER","PROPERTY-0033","OWNER","ACTIVE","1"
"USER-0038","account-0038","masked-email-0038","Masked User 0038","ACTIVE","PROPERTY-0034","PROPERTY_OWNER","PROPERTY-0034","OWNER","ACTIVE","1"
"USER-0039","account-0039","masked-email-0039","Masked User 0039","ACTIVE","PROPERTY-0035","PROPERTY_OWNER","PROPERTY-0035","OWNER","ACTIVE","1"
"USER-0040","account-0040","masked-email-0040","Masked User 0040","ACTIVE","PROPERTY-0036","PROPERTY_OWNER","PROPERTY-0036","OWNER","ACTIVE","1"
"USER-0041","account-0041","masked-email-0041","Masked User 0041","ACTIVE","PROPERTY-0037","PROPERTY_OWNER","PROPERTY-0037","OWNER","ACTIVE","1"
"USER-0042","account-0042","masked-email-0042","Masked User 0042","ACTIVE","PROPERTY-0038","PROPERTY_OWNER","PROPERTY-0038","OWNER","ACTIVE","1"
"USER-0043","account-0043","masked-email-0043","Masked User 0043","ACTIVE","PROPERTY-0039","PROPERTY_OWNER","PROPERTY-0039","OWNER","ACTIVE","1"
"USER-0044","account-0044","masked-email-0044","Masked User 0044","ACTIVE","PROPERTY-0040","PROPERTY_OWNER","PROPERTY-0040","OWNER","ACTIVE","1"
"USER-0045","account-0045","masked-email-0045","Masked User 0045","ACTIVE","PROPERTY-0041","PROPERTY_OWNER","PROPERTY-0041","OWNER","ACTIVE","1"
"USER-0046","account-0046","masked-email-0046","Masked User 0046","ACTIVE","PROPERTY-0042","PROPERTY_OWNER","PROPERTY-0042","OWNER","ACTIVE","1"
"USER-0047","account-0047","masked-email-0047","Masked User 0047","ACTIVE","PROPERTY-0043","PROPERTY_OWNER","PROPERTY-0043","OWNER","ACTIVE","1"
"USER-0048","account-0048","masked-email-0048","Masked User 0048","ACTIVE","PROPERTY-0044","PROPERTY_OWNER","PROPERTY-0044","OWNER","ACTIVE","1"
"USER-0049","account-0049","masked-email-0049","Masked User 0049","ACTIVE","PROPERTY-0045","PROPERTY_OWNER","PROPERTY-0045","OWNER","ACTIVE","1"
"USER-0050","account-0050","masked-email-0050","Masked User 0050","ACTIVE","PROPERTY-0046","PROPERTY_OWNER","PROPERTY-0046","OWNER","ACTIVE","1"
"USER-0051","account-0051","masked-email-0051","Masked User 0051","ACTIVE","PROPERTY-0047","PROPERTY_OWNER","PROPERTY-0047","OWNER","ACTIVE","1"
"USER-0052","account-0052","masked-email-0052","Masked User 0052","ACTIVE","PROPERTY-0048","PROPERTY_OWNER","PROPERTY-0048","OWNER","ACTIVE","1"
"USER-0053","account-0053","masked-email-0053","Masked User 0053","ACTIVE","PROPERTY-0049","PROPERTY_OWNER","PROPERTY-0049","OWNER","ACTIVE","1"
"USER-0054","account-0054","masked-email-0054","Masked User 0054","ACTIVE","PROPERTY-0050","PROPERTY_OWNER","PROPERTY-0050","OWNER","ACTIVE","1"
"USER-0055","account-0055","masked-email-0055","Masked User 0055","ACTIVE","PROPERTY-0051","PROPERTY_OWNER","PROPERTY-0051","OWNER","ACTIVE","1"
"USER-0056","account-0056","masked-email-0056","Masked User 0056","ACTIVE","PROPERTY-0052","PROPERTY_OWNER","PROPERTY-0052","OWNER","ACTIVE","1"
"USER-0057","account-0057","masked-email-0057","Masked User 0057","ACTIVE","PROPERTY-0053","PROPERTY_OWNER","PROPERTY-0053","OWNER","ACTIVE","1"
"USER-0058","account-0058","masked-email-0058","Masked User 0058","ACTIVE","PROPERTY-0054","PROPERTY_OWNER","PROPERTY-0054","OWNER","ACTIVE","1"
"USER-0059","account-0059","masked-email-0059","Masked User 0059","ACTIVE","PROPERTY-0055","PROPERTY_OWNER","PROPERTY-0055","OWNER","ACTIVE","1"
"USER-0060","account-0060","masked-email-0060","Masked User 0060","ACTIVE","PROPERTY-0056","PROPERTY_OWNER","PROPERTY-0056","OWNER","ACTIVE","1"
"USER-0061","account-0061","masked-email-0061","Masked User 0061","ACTIVE","PROPERTY-0057","PROPERTY_OWNER","PROPERTY-0057","OWNER","ACTIVE","1"
"USER-0062","account-0062","masked-email-0062","Masked User 0062","ACTIVE","PROPERTY-0058","PROPERTY_OWNER","PROPERTY-0058","OWNER","ACTIVE","1"
"USER-0063","account-0063","masked-email-0063","Masked User 0063","ACTIVE","PROPERTY-0059","PROPERTY_OWNER","PROPERTY-0059","OWNER","ACTIVE","1"
"USER-0064","account-0064","masked-email-0064","Masked User 0064","ACTIVE","PROPERTY-0060","PROPERTY_OWNER","PROPERTY-0060","OWNER","ACTIVE","1"
"USER-0065","account-0065","masked-email-0065","Masked User 0065","ACTIVE","PROPERTY-0061","PROPERTY_OWNER","PROPERTY-0061","OWNER","ACTIVE","1"
"USER-0066","account-0066","masked-email-0066","Masked User 0066","ACTIVE","PROPERTY-0062","PROPERTY_OWNER","PROPERTY-0062","OWNER","ACTIVE","1"
"USER-0067","account-0067","masked-email-0067","Masked User 0067","ACTIVE","PROPERTY-0063","PROPERTY_OWNER","PROPERTY-0063","OWNER","ACTIVE","1"
"USER-0068","account-0068","masked-email-0068","Masked User 0068","ACTIVE","PROPERTY-0064","PROPERTY_OWNER","PROPERTY-0064","OWNER","ACTIVE","1"
"USER-0069","account-0069","masked-email-0069","Masked User 0069","ACTIVE","PROPERTY-0065","PROPERTY_OWNER","PROPERTY-0065","OWNER","ACTIVE","1"
"USER-0070","account-0070","masked-email-0070","Masked User 0070","ACTIVE","PROPERTY-0066","PROPERTY_OWNER","PROPERTY-0066","OWNER","ACTIVE","1"
"USER-0071","account-0071","masked-email-0071","Masked User 0071","ACTIVE","PROPERTY-0067","PROPERTY_OWNER","PROPERTY-0067","OWNER","ACTIVE","1"
"USER-0072","account-0072","masked-email-0072","Masked User 0072","ACTIVE","PROPERTY-0068","PROPERTY_OWNER","PROPERTY-0068","OWNER","ACTIVE","1"
"USER-0073","account-0073","masked-email-0073","Masked User 0073","ACTIVE","PROPERTY-0069","PROPERTY_OWNER","PROPERTY-0069","OWNER","ACTIVE","1"
"USER-0074","account-0074","masked-email-0074","Masked User 0074","ACTIVE","PROPERTY-0070","PROPERTY_OWNER","PROPERTY-0070","OWNER","ACTIVE","1"
"USER-0075","account-0075","masked-email-0075","Masked User 0075","ACTIVE","PROPERTY-0071","PROPERTY_OWNER","PROPERTY-0071","OWNER","ACTIVE","1"
"USER-0076","account-0076","masked-email-0076","Masked User 0076","ACTIVE","PROPERTY-0072","PROPERTY_OWNER","PROPERTY-0072","OWNER","ACTIVE","1"
"USER-0077","account-0077","masked-email-0077","Masked User 0077","ACTIVE","PROPERTY-0073","PROPERTY_OWNER","PROPERTY-0073","OWNER","ACTIVE","1"
"USER-0078","account-0078","masked-email-0078","Masked User 0078","ACTIVE","PROPERTY-0074","PROPERTY_OWNER","PROPERTY-0074","OWNER","ACTIVE","1"
"USER-0079","account-0079","masked-email-0079","Masked User 0079","ACTIVE","PROPERTY-0075","PROPERTY_OWNER","PROPERTY-0075","OWNER","ACTIVE","1"
"USER-0080","account-0080","masked-email-0080","Masked User 0080","ACTIVE","PROPERTY-0076","PROPERTY_OWNER","PROPERTY-0076","OWNER","ACTIVE","1"
"USER-0081","account-0081","masked-email-0081","Masked User 0081","ACTIVE","PROPERTY-0077","PROPERTY_OWNER","PROPERTY-0077","OWNER","ACTIVE","1"
"USER-0082","account-0082","masked-email-0082","Masked User 0082","ACTIVE","PROPERTY-0078","PROPERTY_OWNER","PROPERTY-0078","OWNER","ACTIVE","1"
"USER-0083","account-0083","masked-email-0083","Masked User 0083","ACTIVE","PROPERTY-0079","PROPERTY_OWNER","PROPERTY-0079","OWNER","ACTIVE","1"
"USER-0084","account-0084","masked-email-0084","Masked User 0084","ACTIVE","PROPERTY-0080","PROPERTY_OWNER","PROPERTY-0080","OWNER","ACTIVE","1"
"USER-0085","account-0085","masked-email-0085","Masked User 0085","ACTIVE","PROPERTY-0081","PROPERTY_OWNER","PROPERTY-0081","OWNER","ACTIVE","1"
"USER-0086","account-0086","masked-email-0086","Masked User 0086","ACTIVE","PROPERTY-0082","PROPERTY_OWNER","PROPERTY-0082","OWNER","ACTIVE","1"
"USER-0087","account-0087","masked-email-0087","Masked User 0087","ACTIVE","PROPERTY-0083","PROPERTY_OWNER","PROPERTY-0083","OWNER","ACTIVE","1"
"USER-0088","account-0088","masked-email-0088","Masked User 0088","ACTIVE","PROPERTY-0084","PROPERTY_OWNER","PROPERTY-0084","OWNER","ACTIVE","1"
"USER-0089","account-0089","masked-email-0089","Masked User 0089","ACTIVE","PROPERTY-0085","PROPERTY_OWNER","PROPERTY-0085","OWNER","ACTIVE","1"
"USER-0090","account-0090","masked-email-0090","Masked User 0090","ACTIVE","PROPERTY-0086","PROPERTY_OWNER","PROPERTY-0086","OWNER","ACTIVE","1"
"USER-0091","account-0091","masked-email-0091","Masked User 0091","ACTIVE","PROPERTY-0087","PROPERTY_OWNER","PROPERTY-0087","OWNER","ACTIVE","1"
"USER-0092","account-0092","masked-email-0092","Masked User 0092","ACTIVE","PROPERTY-0088","PROPERTY_OWNER","PROPERTY-0088","OWNER","ACTIVE","1"
"USER-0093","account-0093","masked-email-0093","Masked User 0093","ACTIVE","PROPERTY-0089","PROPERTY_OWNER","PROPERTY-0089","OWNER","ACTIVE","1"
"USER-0094","account-0094","masked-email-0094","Masked User 0094","ACTIVE","PROPERTY-0090","PROPERTY_OWNER","PROPERTY-0090","OWNER","ACTIVE","1"
"USER-0095","account-0095","masked-email-0095","Masked User 0095","ACTIVE","PROPERTY-0091","PROPERTY_OWNER","PROPERTY-0091","OWNER","ACTIVE","1"
"USER-0096","account-0096","masked-email-0096","Masked User 0096","ACTIVE","PROPERTY-0092","PROPERTY_OWNER","PROPERTY-0092","OWNER","ACTIVE","1"
"USER-0097","account-0097","masked-email-0097","Masked User 0097","ACTIVE","PROPERTY-0093","PROPERTY_OWNER","PROPERTY-0093","OWNER","ACTIVE","1"
"USER-0098","account-0098","masked-email-0098","Masked User 0098","ACTIVE","PROPERTY-0094","PROPERTY_OWNER","PROPERTY-0094","OWNER","ACTIVE","1"
"USER-0099","account-0099","masked-email-0099","Masked User 0099","ACTIVE","PROPERTY-0095","PROPERTY_OWNER","PROPERTY-0095","OWNER","ACTIVE","1"
"USER-0100","account-0100","masked-email-0100","Masked User 0100","ACTIVE","PROPERTY-0096","PROPERTY_OWNER","PROPERTY-0096","OWNER","ACTIVE","1"
"USER-0101","account-0101","masked-email-0101","Masked User 0101","ACTIVE","PROPERTY-0097","PROPERTY_OWNER","PROPERTY-0097","OWNER","ACTIVE","1"
"USER-0102","account-0102","masked-email-0102","Masked User 0102","ACTIVE","PROPERTY-0098","PROPERTY_OWNER","PROPERTY-0098","OWNER","ACTIVE","1"
"USER-0103","account-0103","masked-email-0103","Masked User 0103","ACTIVE","PROPERTY-0099","PROPERTY_OWNER","PROPERTY-0099","OWNER","ACTIVE","1"
"USER-0104","account-0104","masked-email-0104","Masked User 0104","ACTIVE","PROPERTY-0100","PROPERTY_OWNER","PROPERTY-0100","OWNER","ACTIVE","1"
"USER-0105","account-0105","masked-email-0105","Masked User 0105","ACTIVE","PROPERTY-0101","PROPERTY_OWNER","PROPERTY-0101","OWNER","ACTIVE","1"
"USER-0106","account-0106","masked-email-0106","Masked User 0106","ACTIVE","PROPERTY-0102","PROPERTY_OWNER","PROPERTY-0102","OWNER","ACTIVE","1"
"USER-0107","account-0107","masked-email-0107","Masked User 0107","ACTIVE","PROPERTY-0103","PROPERTY_OWNER","PROPERTY-0103","OWNER","ACTIVE","1"
"USER-0108","account-0108","masked-email-0108","Masked User 0108","ACTIVE","PROPERTY-0104","PROPERTY_OWNER","PROPERTY-0104","OWNER","ACTIVE","1"
"USER-0109","account-0109","masked-email-0109","Masked User 0109","ACTIVE","PROPERTY-0105","PROPERTY_OWNER","PROPERTY-0105","OWNER","ACTIVE","1"
"USER-0110","account-0110","masked-email-0110","Masked User 0110","ACTIVE","PROPERTY-0106","PROPERTY_OWNER","PROPERTY-0106","OWNER","ACTIVE","1"
"USER-0111","account-0111","masked-email-0111","Masked User 0111","ACTIVE","PROPERTY-0107","PROPERTY_OWNER","PROPERTY-0107","OWNER","ACTIVE","1"
"USER-0112","account-0112","masked-email-0112","Masked User 0112","ACTIVE","PROPERTY-0108","PROPERTY_OWNER","PROPERTY-0108","OWNER","ACTIVE","1"
"USER-0113","account-0113","masked-email-0113","Masked User 0113","ACTIVE","PROPERTY-0109","PROPERTY_OWNER","PROPERTY-0109","OWNER","ACTIVE","1"
"USER-0114","account-0114","masked-email-0114","Masked User 0114","ACTIVE","PROPERTY-0110","PROPERTY_OWNER","PROPERTY-0110","OWNER","ACTIVE","1"
"USER-0115","account-0115","masked-email-0115","Masked User 0115","ACTIVE","PROPERTY-0111","PROPERTY_OWNER","PROPERTY-0111","OWNER","ACTIVE","1"
"USER-0116","account-0116","masked-email-0116","Masked User 0116","ACTIVE","PROPERTY-0112","PROPERTY_OWNER","PROPERTY-0112","OWNER","ACTIVE","1"
"USER-0117","account-0117","masked-email-0117","Masked User 0117","ACTIVE","PROPERTY-0113","PROPERTY_OWNER","PROPERTY-0113","OWNER","ACTIVE","1"
"USER-0118","account-0118","masked-email-0118","Masked User 0118","ACTIVE","PROPERTY-0114","PROPERTY_OWNER","PROPERTY-0114","OWNER","ACTIVE","1"
"USER-0119","account-0119","masked-email-0119","Masked User 0119","ACTIVE","PROPERTY-0115","PROPERTY_OWNER","PROPERTY-0115","OWNER","ACTIVE","1"
"USER-0120","account-0120","masked-email-0120","Masked User 0120","ACTIVE","PROPERTY-0116","PROPERTY_OWNER","PROPERTY-0116","OWNER","ACTIVE","1"
"USER-0121","account-0121","masked-email-0121","Masked User 0121","ACTIVE","PROPERTY-0117","PROPERTY_OWNER","PROPERTY-0117","OWNER","ACTIVE","1"
"USER-0122","account-0122","masked-email-0122","Masked User 0122","ACTIVE","PROPERTY-0118","PROPERTY_OWNER","PROPERTY-0118","OWNER","ACTIVE","1"
"USER-0123","account-0123","masked-email-0123","Masked User 0123","ACTIVE","PROPERTY-0119","PROPERTY_OWNER","PROPERTY-0119","OWNER","ACTIVE","1"
"USER-0124","account-0124","masked-email-0124","Masked User 0124","ACTIVE","PROPERTY-0120","PROPERTY_OWNER","PROPERTY-0120","OWNER","ACTIVE","1"
"USER-0125","account-0125","masked-email-0125","Masked User 0125","ACTIVE","PROPERTY-0121","PROPERTY_OWNER","PROPERTY-0121","OWNER","ACTIVE","1"
"USER-0126","account-0126","masked-email-0126","Masked User 0126","ACTIVE","PROPERTY-0122","PROPERTY_OWNER","PROPERTY-0122","OWNER","ACTIVE","1"
"USER-0127","account-0127","masked-email-0127","Masked User 0127","ACTIVE","PROPERTY-0123","PROPERTY_OWNER","PROPERTY-0123","OWNER","ACTIVE","1"
"USER-0128","account-0128","masked-email-0128","Masked User 0128","ACTIVE","PROPERTY-0124","PROPERTY_OWNER","PROPERTY-0124","OWNER","ACTIVE","1"
"USER-0129","account-0129","masked-email-0129","Masked User 0129","ACTIVE","PROPERTY-0125","PROPERTY_OWNER","PROPERTY-0125","OWNER","ACTIVE","1"
"USER-0130","account-0130","masked-email-0130","Masked User 0130","ACTIVE","PROPERTY-0126","PROPERTY_OWNER","PROPERTY-0126","OWNER","ACTIVE","1"
"USER-0131","account-0131","masked-email-0131","Masked User 0131","ACTIVE","PROPERTY-0127","PROPERTY_OWNER","PROPERTY-0127","OWNER","ACTIVE","1"
"USER-0132","account-0132","masked-email-0132","Masked User 0132","ACTIVE","PROPERTY-0128","PROPERTY_OWNER","PROPERTY-0128","OWNER","ACTIVE","1"
"USER-0133","account-0133","masked-email-0133","Masked User 0133","ACTIVE","PROPERTY-0129","PROPERTY_OWNER","PROPERTY-0129","OWNER","ACTIVE","1"
"USER-0134","account-0134","masked-email-0134","Masked User 0134","ACTIVE","PROPERTY-0130","PROPERTY_OWNER","PROPERTY-0130","OWNER","ACTIVE","1"
"USER-0135","account-0135","masked-email-0135","Masked User 0135","ACTIVE","PROPERTY-0131","PROPERTY_OWNER","PROPERTY-0131","OWNER","ACTIVE","1"
"USER-0136","account-0136","masked-email-0136","Masked User 0136","ACTIVE","PROPERTY-0132","PROPERTY_OWNER","PROPERTY-0132","OWNER","ACTIVE","1"
"USER-0137","account-0137","masked-email-0137","Masked User 0137","ACTIVE","PROPERTY-0133","PROPERTY_OWNER","PROPERTY-0133","OWNER","ACTIVE","1"
"USER-0138","account-0138","masked-email-0138","Masked User 0138","ACTIVE","PROPERTY-0134","PROPERTY_OWNER","PROPERTY-0134","OWNER","ACTIVE","1"
"USER-0139","account-0139","masked-email-0139","Masked User 0139","ACTIVE","PROPERTY-0135","PROPERTY_OWNER","PROPERTY-0135","OWNER","ACTIVE","1"
"USER-0140","account-0140","masked-email-0140","Masked User 0140","ACTIVE","PROPERTY-0136","PROPERTY_OWNER","PROPERTY-0136","OWNER","ACTIVE","1"
"USER-0141","account-0141","masked-email-0141","Masked User 0141","ACTIVE","PROPERTY-0137","PROPERTY_OWNER","PROPERTY-0137","OWNER","ACTIVE","1"
"USER-0142","account-0142","masked-email-0142","Masked User 0142","ACTIVE","PROPERTY-0138","PROPERTY_OWNER","PROPERTY-0138","OWNER","ACTIVE","1"
"USER-0143","account-0143","masked-email-0143","Masked User 0143","ACTIVE","PROPERTY-0139","PROPERTY_OWNER","PROPERTY-0139","OWNER","ACTIVE","1"
"USER-0144","account-0144","masked-email-0144","Masked User 0144","ACTIVE","PROPERTY-0140","PROPERTY_OWNER","PROPERTY-0140","OWNER","ACTIVE","1"
"USER-0145","account-0145","masked-email-0145","Masked User 0145","ACTIVE","PROPERTY-0141","PROPERTY_OWNER","PROPERTY-0141","OWNER","ACTIVE","1"
"USER-0146","account-0146","masked-email-0146","Masked User 0146","ACTIVE","PROPERTY-0142","PROPERTY_OWNER","PROPERTY-0142","OWNER","ACTIVE","1"
"USER-0147","account-0147","masked-email-0147","Masked User 0147","ACTIVE","PROPERTY-0143","PROPERTY_OWNER","PROPERTY-0143","OWNER","ACTIVE","1"
"USER-0148","account-0148","masked-email-0148","Masked User 0148","ACTIVE","PROPERTY-0144","PROPERTY_OWNER","PROPERTY-0144","OWNER","ACTIVE","1"
"USER-0149","account-0149","masked-email-0149","Masked User 0149","ACTIVE","PROPERTY-0145","PROPERTY_OWNER","PROPERTY-0145","OWNER","ACTIVE","1"
"USER-0150","account-0150","masked-email-0150","Masked User 0150","ACTIVE","PROPERTY-0146","PROPERTY_OWNER","PROPERTY-0146","OWNER","ACTIVE","1"
"USER-0151","account-0151","masked-email-0151","Masked User 0151","ACTIVE","PROPERTY-0147","PROPERTY_OWNER","PROPERTY-0147","OWNER","ACTIVE","1"
"USER-0152","account-0152","masked-email-0152","Masked User 0152","ACTIVE","PROPERTY-0148","PROPERTY_OWNER","PROPERTY-0148","OWNER","ACTIVE","1"
"USER-0153","account-0153","masked-email-0153","Masked User 0153","ACTIVE","PROPERTY-0149","PROPERTY_OWNER","PROPERTY-0149","OWNER","ACTIVE","1"
"USER-0154","account-0154","masked-email-0154","Masked User 0154","ACTIVE","PROPERTY-0150","PROPERTY_OWNER","PROPERTY-0150","OWNER","ACTIVE","1"
"USER-0155","account-0155","masked-email-0155","Masked User 0155","ACTIVE","PROPERTY-0151","PROPERTY_OWNER","PROPERTY-0151","OWNER","ACTIVE","1"
"USER-0156","account-0156","masked-email-0156","Masked User 0156","ACTIVE","PROPERTY-0152","PROPERTY_OWNER","PROPERTY-0152","OWNER","ACTIVE","1"
"USER-0157","account-0157","masked-email-0157","Masked User 0157","ACTIVE","PROPERTY-0153","PROPERTY_OWNER","PROPERTY-0153","OWNER","ACTIVE","1"
"USER-0158","account-0158","masked-email-0158","Masked User 0158","ACTIVE","PROPERTY-0154","PROPERTY_OWNER","PROPERTY-0154","OWNER","ACTIVE","1"
"USER-0159","account-0159","masked-email-0159","Masked User 0159","ACTIVE","PROPERTY-0155","PROPERTY_OWNER","PROPERTY-0155","OWNER","ACTIVE","1"
"USER-0160","account-0160","masked-email-0160","Masked User 0160","ACTIVE","PROPERTY-0156","PROPERTY_OWNER","PROPERTY-0156","OWNER","ACTIVE","1"
"USER-0161","account-0161","masked-email-0161","Masked User 0161","ACTIVE","PROPERTY-0157","PROPERTY_OWNER","PROPERTY-0157","OWNER","ACTIVE","1"
"USER-0162","account-0162","masked-email-0162","Masked User 0162","ACTIVE","PROPERTY-0158","PROPERTY_OWNER","PROPERTY-0158","OWNER","ACTIVE","1"
"USER-0163","account-0163","masked-email-0163","Masked User 0163","ACTIVE","PROPERTY-0159","PROPERTY_OWNER","PROPERTY-0159","OWNER","ACTIVE","1"
"USER-0164","account-0164","masked-email-0164","Masked User 0164","ACTIVE","PROPERTY-0160","PROPERTY_OWNER","PROPERTY-0160","OWNER","ACTIVE","1"
"USER-0165","account-0165","masked-email-0165","Masked User 0165","ACTIVE","PROPERTY-0161","PROPERTY_OWNER","PROPERTY-0161","OWNER","ACTIVE","1"
"USER-0166","account-0166","masked-email-0166","Masked User 0166","ACTIVE","PROPERTY-0162","PROPERTY_OWNER","PROPERTY-0162","OWNER","ACTIVE","1"
"USER-0167","account-0167","masked-email-0167","Masked User 0167","ACTIVE","PROPERTY-0163","PROPERTY_OWNER","PROPERTY-0163","OWNER","ACTIVE","1"
"USER-0168","account-0168","masked-email-0168","Masked User 0168","ACTIVE","PROPERTY-0164","PROPERTY_OWNER","PROPERTY-0164","OWNER","ACTIVE","1"
"USER-0169","account-0169","masked-email-0169","Masked User 0169","ACTIVE","PROPERTY-0165","PROPERTY_OWNER","PROPERTY-0165","OWNER","ACTIVE","1"
"USER-0170","account-0170","masked-email-0170","Masked User 0170","ACTIVE","PROPERTY-0166","PROPERTY_OWNER","PROPERTY-0166","OWNER","ACTIVE","1"
"USER-0171","account-0171","masked-email-0171","Masked User 0171","ACTIVE","PROPERTY-0167","PROPERTY_OWNER","PROPERTY-0167","OWNER","ACTIVE","1"
"USER-0172","account-0172","masked-email-0172","Masked User 0172","ACTIVE","PROPERTY-0168","PROPERTY_OWNER","PROPERTY-0168","OWNER","ACTIVE","1"
"USER-0173","account-0173","masked-email-0173","Masked User 0173","ACTIVE","PROPERTY-0169","PROPERTY_OWNER","PROPERTY-0169","OWNER","ACTIVE","1"
"USER-0174","account-0174","masked-email-0174","Masked User 0174","ACTIVE","PROPERTY-0170","PROPERTY_OWNER","PROPERTY-0170","OWNER","ACTIVE","1"
"USER-0175","account-0175","masked-email-0175","Masked User 0175","ACTIVE","PROPERTY-0171","PROPERTY_OWNER","PROPERTY-0171","OWNER","ACTIVE","1"
"USER-0176","account-0176","masked-email-0176","Masked User 0176","GUEST","","","","","",""
"USER-0177","account-0177","masked-email-0177","Masked User 0177","GUEST","","","","","",""
"USER-0178","account-0178","masked-email-0178","Masked User 0178","GUEST","","","","","",""
"USER-0179","account-0179","masked-email-0179","Masked User 0179","GUEST","","","","","",""
